"url","Conti Nen Te","Nom Bre 1","Nom Bre 4","Iso 1","Iso 1_link","Iso 2","Cia","Cia_link","Telfono","Internet","Vehculo"
"https://country-code.cl/es/","AS","afganistan","Afganistán","AF","https://en.wikipedia.org/wiki/ISO_3166-2:AF","AFG","af","https://www.cia.gov/library/publications/the-world-factbook/geos/af.html","93",".af","AFG"
"https://country-code.cl/es/","EU","islas-aland","Islas Åland","AX","https://en.wikipedia.org/wiki/ISO_3166-2:AX","ALA","fi","https://www.cia.gov/library/publications/the-world-factbook/geos/fi.html","358 18",".ax","AX"
"https://country-code.cl/es/","EU","albania","Albania","AL","https://en.wikipedia.org/wiki/ISO_3166-2:AL","ALB","al","https://www.cia.gov/library/publications/the-world-factbook/geos/al.html","355",".al","AL"
"https://country-code.cl/es/","AF","argelia","Argelia","DZ","https://en.wikipedia.org/wiki/ISO_3166-2:DZ","DZA","ag","https://www.cia.gov/library/publications/the-world-factbook/geos/ag.html","213",".dz","DZ"
"https://country-code.cl/es/","OC","samoa-americana","Samoa Americana","AS","https://en.wikipedia.org/wiki/ISO_3166-2:AS","ASM","aq","https://www.cia.gov/library/publications/the-world-factbook/geos/aq.html","1 684",".as",""
"https://country-code.cl/es/","EU","andorra","Andorra","AD","https://en.wikipedia.org/wiki/ISO_3166-2:AD","AND","an","https://www.cia.gov/library/publications/the-world-factbook/geos/an.html","376",".ad","AND"
"https://country-code.cl/es/","AF","angola","Angola","AO","https://en.wikipedia.org/wiki/ISO_3166-2:AO","AGO","ao","https://www.cia.gov/library/publications/the-world-factbook/geos/ao.html","244",".ao","ANG"
"https://country-code.cl/es/","NA","anguila","Anguila","AI","https://en.wikipedia.org/wiki/ISO_3166-2:AI","AIA","av","https://www.cia.gov/library/publications/the-world-factbook/geos/av.html","1 264",".ai","AXA"
"https://country-code.cl/es/","AN","antartida","Antártida","AQ","https://en.wikipedia.org/wiki/ISO_3166-2:AQ","ATA","ay","https://www.cia.gov/library/publications/the-world-factbook/geos/ay.html","6721",".aq","ARK"
"https://country-code.cl/es/","NA","antigua-y-barbuda","Antigua y Barbuda","AG","https://en.wikipedia.org/wiki/ISO_3166-2:AG","ATG","ac","https://www.cia.gov/library/publications/the-world-factbook/geos/ac.html","1 268",".ag","AG"
"https://country-code.cl/es/","SA","argentina","Argentina","AR","https://en.wikipedia.org/wiki/ISO_3166-2:AR","ARG","ar","https://www.cia.gov/library/publications/the-world-factbook/geos/ar.html","54",".ar","RA"
"https://country-code.cl/es/","AS","armenia","Armenia","AM","https://en.wikipedia.org/wiki/ISO_3166-2:AM","ARM","am","https://www.cia.gov/library/publications/the-world-factbook/geos/am.html","374",".am","AM"
"https://country-code.cl/es/","NA","aruba","Aruba","AW","https://en.wikipedia.org/wiki/ISO_3166-2:AW","ABW","aa","https://www.cia.gov/library/publications/the-world-factbook/geos/aa.html","297",".aw","AUA/ ARU"
"https://country-code.cl/es/","OC","australia","Australia","AU","https://en.wikipedia.org/wiki/ISO_3166-2:AU","AUS","as","https://www.cia.gov/library/publications/the-world-factbook/geos/as.html","61",".au","AUS"
"https://country-code.cl/es/","EU","austria","Austria","AT","https://en.wikipedia.org/wiki/ISO_3166-2:AT","AUT","au","https://www.cia.gov/library/publications/the-world-factbook/geos/au.html","43",".at","A"
"https://country-code.cl/es/","AS","azerbaiyan","Azerbaiyán","AZ","https://en.wikipedia.org/wiki/ISO_3166-2:AZ","AZE","aj","https://www.cia.gov/library/publications/the-world-factbook/geos/aj.html","994",".az","AZ"
"https://country-code.cl/es/","NA","bahamas","Bahamas","BS","https://en.wikipedia.org/wiki/ISO_3166-2:BS","BHS","bf","https://www.cia.gov/library/publications/the-world-factbook/geos/bf.html","1 242",".bs","BS"
"https://country-code.cl/es/","AS","barein","Baréin","BH","https://en.wikipedia.org/wiki/ISO_3166-2:BH","BHR","ba","https://www.cia.gov/library/publications/the-world-factbook/geos/ba.html","973",".bh","BRN"
"https://country-code.cl/es/","AS","banglades","Bangladés","BD","https://en.wikipedia.org/wiki/ISO_3166-2:BD","BGD","bg","https://www.cia.gov/library/publications/the-world-factbook/geos/bg.html","880",".bd","BD"
"https://country-code.cl/es/","NA","barbados","Barbados","BB","https://en.wikipedia.org/wiki/ISO_3166-2:BB","BRB","bb","https://www.cia.gov/library/publications/the-world-factbook/geos/bb.html","1 246",".bb","BDS"
"https://country-code.cl/es/","EU","bielorrusia","Bielorrusia","BY","https://en.wikipedia.org/wiki/ISO_3166-2:BY","BLR","bo","https://www.cia.gov/library/publications/the-world-factbook/geos/bo.html","375",".by","BY"
"https://country-code.cl/es/","EU","belgica","Bélgica","BE","https://en.wikipedia.org/wiki/ISO_3166-2:BE","BEL","be","https://www.cia.gov/library/publications/the-world-factbook/geos/be.html","32",".be","B"
"https://country-code.cl/es/","NA","belice","Belice","BZ","https://en.wikipedia.org/wiki/ISO_3166-2:BZ","BLZ","bh","https://www.cia.gov/library/publications/the-world-factbook/geos/bh.html","501",".bz","BZ"
"https://country-code.cl/es/","AF","benin","Benín","BJ","https://en.wikipedia.org/wiki/ISO_3166-2:BJ","BEN","bn","https://www.cia.gov/library/publications/the-world-factbook/geos/bn.html","229",".bj","DY"
"https://country-code.cl/es/","NA","bermudas","Bermudas","BM","https://en.wikipedia.org/wiki/ISO_3166-2:BM","BMU","bd","https://www.cia.gov/library/publications/the-world-factbook/geos/bd.html","1 441",".bm",""
"https://country-code.cl/es/","AS","butan","Bután","BT","https://en.wikipedia.org/wiki/ISO_3166-2:BT","BTN","bt","https://www.cia.gov/library/publications/the-world-factbook/geos/bt.html","975",".bt","BHT"
"https://country-code.cl/es/","SA","bolivia-estado-plurinacional-de","Bolivia, Estado Plurinacional de","BO","https://en.wikipedia.org/wiki/ISO_3166-2:BO","BOL","bl","https://www.cia.gov/library/publications/the-world-factbook/geos/bl.html","591",".bo","BOL"
"https://country-code.cl/es/","NA","bonaire-san-eustaquio-y-saba","Bonaire, San Eustaquio y Saba","BQ","https://en.wikipedia.org/wiki/ISO_3166-2:BQ","BES","nl","https://www.cia.gov/library/publications/the-world-factbook/geos/nl.html","5997",".bq",""
"https://country-code.cl/es/","EU","bosnia-y-herzegovina","Bosnia y Herzegovina","BA","https://en.wikipedia.org/wiki/ISO_3166-2:BA","BIH","bk","https://www.cia.gov/library/publications/the-world-factbook/geos/bk.html","387",".ba","BIH"
"https://country-code.cl/es/","AF","botsuana","Botsuana","BW","https://en.wikipedia.org/wiki/ISO_3166-2:BW","BWA","bc","https://www.cia.gov/library/publications/the-world-factbook/geos/bc.html","267",".bw","RB/BW"
"https://country-code.cl/es/","AN","isla-bouvet","Isla Bouvet","BV","https://en.wikipedia.org/wiki/ISO_3166-2:BV","BVT","bv","https://www.cia.gov/library/publications/the-world-factbook/geos/bv.html","47",".bv",""
"https://country-code.cl/es/","SA","brasil","Brasil","BR","https://en.wikipedia.org/wiki/ISO_3166-2:BR","BRA","br","https://www.cia.gov/library/publications/the-world-factbook/geos/br.html","55",".br","BR"
"https://country-code.cl/es/","AS","territorio-britanico-del-oceano-indico","Territorio Británico del Océano Índico","IO","https://en.wikipedia.org/wiki/ISO_3166-2:IO","IOT","io","https://www.cia.gov/library/publications/the-world-factbook/geos/io.html","246",".io",""
"https://country-code.cl/es/","AS","brunei-darussalam","Brunéi Darussalam","BN","https://en.wikipedia.org/wiki/ISO_3166-2:BN","BRN","bx","https://www.cia.gov/library/publications/the-world-factbook/geos/bx.html","673",".bn","BRU"
"https://country-code.cl/es/","EU","bulgaria","Bulgaria","BG","https://en.wikipedia.org/wiki/ISO_3166-2:BG","BGR","bu","https://www.cia.gov/library/publications/the-world-factbook/geos/bu.html","359",".bg","BG"
"https://country-code.cl/es/","AF","burkina-faso","Burkina Faso","BF","https://en.wikipedia.org/wiki/ISO_3166-2:BF","BFA","uv","https://www.cia.gov/library/publications/the-world-factbook/geos/uv.html","226",".bf","BF"
"https://country-code.cl/es/","AF","burundi","Burundi","BI","https://en.wikipedia.org/wiki/ISO_3166-2:BI","BDI","by","https://www.cia.gov/library/publications/the-world-factbook/geos/by.html","257",".bi","RU"
"https://country-code.cl/es/","AS","camboya","Camboya","KH","https://en.wikipedia.org/wiki/ISO_3166-2:KH","KHM","cb","https://www.cia.gov/library/publications/the-world-factbook/geos/cb.html","855",".kh","K"
"https://country-code.cl/es/","AF","camerun","Camerún","CM","https://en.wikipedia.org/wiki/ISO_3166-2:CM","CMR","cm","https://www.cia.gov/library/publications/the-world-factbook/geos/cm.html","237",".cm","CAM"
"https://country-code.cl/es/","NA","canada","Canadá","CA","https://en.wikipedia.org/wiki/ISO_3166-2:CA","CAN","ca","https://www.cia.gov/library/publications/the-world-factbook/geos/ca.html","1",".ca","CDN"
"https://country-code.cl/es/","AF","cabo-verde","Cabo Verde","CV","https://en.wikipedia.org/wiki/ISO_3166-2:CV","CPV","cv","https://www.cia.gov/library/publications/the-world-factbook/geos/cv.html","238",".cv","CV"
"https://country-code.cl/es/","NA","islas-caiman","Islas Caimán","KY","https://en.wikipedia.org/wiki/ISO_3166-2:KY","CYM","cj","https://www.cia.gov/library/publications/the-world-factbook/geos/cj.html","1 345",".ky",""
"https://country-code.cl/es/","AF","republica-centroafricana","República Centroafricana","CF","https://en.wikipedia.org/wiki/ISO_3166-2:CF","CAF","ct","https://www.cia.gov/library/publications/the-world-factbook/geos/ct.html","236",".cf","RCA"
"https://country-code.cl/es/","AF","chad","Chad","TD","https://en.wikipedia.org/wiki/ISO_3166-2:TD","TCD","cd","https://www.cia.gov/library/publications/the-world-factbook/geos/cd.html","235",".td","TCH"
"https://country-code.cl/es/","SA","chile","Chile","CL","https://en.wikipedia.org/wiki/ISO_3166-2:CL","CHL","ci","https://www.cia.gov/library/publications/the-world-factbook/geos/ci.html","56",".cl","RCH"
"https://country-code.cl/es/","AS","china-republica-popular","China, República Popular","CN","https://en.wikipedia.org/wiki/ISO_3166-2:CN","CHN","ch","https://www.cia.gov/library/publications/the-world-factbook/geos/ch.html","86",".cn","CN"
"https://country-code.cl/es/","AS","isla-de-navidad","Isla de Navidad","CX","https://en.wikipedia.org/wiki/ISO_3166-2:CX","CXR","kt","https://www.cia.gov/library/publications/the-world-factbook/geos/kt.html","61",".cx",""
"https://country-code.cl/es/","AS","islas-cocos-keeling-","Islas Cocos (Keeling)","CC","https://en.wikipedia.org/wiki/ISO_3166-2:CC","CCK","ck","https://www.cia.gov/library/publications/the-world-factbook/geos/ck.html","61",".cc",""
"https://country-code.cl/es/","SA","colombia","Colombia","CO","https://en.wikipedia.org/wiki/ISO_3166-2:CO","COL","co","https://www.cia.gov/library/publications/the-world-factbook/geos/co.html","57",".co","CO"
"https://country-code.cl/es/","AF","comoras","Comoras","KM","https://en.wikipedia.org/wiki/ISO_3166-2:KM","COM","cn","https://www.cia.gov/library/publications/the-world-factbook/geos/cn.html","269",".km","COM"
"https://country-code.cl/es/","AF","congo","Congo","CG","https://en.wikipedia.org/wiki/ISO_3166-2:CG","COG","cg","https://www.cia.gov/library/publications/the-world-factbook/geos/cg.html","243",".cg","RCB"
"https://country-code.cl/es/","AF","congo-la-republica-democratica-del","Congo, La República Democrática del","CD","https://en.wikipedia.org/wiki/ISO_3166-2:CD","COD","cf","https://www.cia.gov/library/publications/the-world-factbook/geos/cf.html","242",".cd","ZRE"
"https://country-code.cl/es/","OC","islas-cook","Islas Cook","CK","https://en.wikipedia.org/wiki/ISO_3166-2:CK","COK","cw","https://www.cia.gov/library/publications/the-world-factbook/geos/cw.html","682",".ck",""
"https://country-code.cl/es/","NA","costa-rica","Costa Rica","CR","https://en.wikipedia.org/wiki/ISO_3166-2:CR","CRI","cs","https://www.cia.gov/library/publications/the-world-factbook/geos/cs.html","506",".cr","CR"
"https://country-code.cl/es/","AF","costa-de-marfil","Costa de Marfil","CI","https://en.wikipedia.org/wiki/ISO_3166-2:CI","CIV","iv","https://www.cia.gov/library/publications/the-world-factbook/geos/iv.html","225",".ci","CI"
"https://country-code.cl/es/","EU","croacia","Croacia","HR","https://en.wikipedia.org/wiki/ISO_3166-2:HR","HRV","hr","https://www.cia.gov/library/publications/the-world-factbook/geos/hr.html","385",".hr","HR"
"https://country-code.cl/es/","NA","cuba","Cuba","CU","https://en.wikipedia.org/wiki/ISO_3166-2:CU","CUB","cu","https://www.cia.gov/library/publications/the-world-factbook/geos/cu.html","53",".cu","C"
"https://country-code.cl/es/","NA","curazao","Curazao","CW","https://en.wikipedia.org/wiki/ISO_3166-2:CW","CUW","cc","https://www.cia.gov/library/publications/the-world-factbook/geos/cc.html","599",".cw",""
"https://country-code.cl/es/","AS","chipre","Chipre","CY","https://en.wikipedia.org/wiki/ISO_3166-2:CY","CYP","cy","https://www.cia.gov/library/publications/the-world-factbook/geos/cy.html","357",".cy","CY"
"https://country-code.cl/es/","EU","republica-checa","República Checa","CZ","https://en.wikipedia.org/wiki/ISO_3166-2:CZ","CZE","ez","https://www.cia.gov/library/publications/the-world-factbook/geos/ez.html","420",".cz","CZ"
"https://country-code.cl/es/","EU","dinamarca","Dinamarca","DK","https://en.wikipedia.org/wiki/ISO_3166-2:DK","DNK","da","https://www.cia.gov/library/publications/the-world-factbook/geos/da.html","45",".dk","DK"
"https://country-code.cl/es/","AF","yibuti","Yibuti","DJ","https://en.wikipedia.org/wiki/ISO_3166-2:DJ","DJI","dj","https://www.cia.gov/library/publications/the-world-factbook/geos/dj.html","253",".dj","DJI"
"https://country-code.cl/es/","NA","dominica","Dominica","DM","https://en.wikipedia.org/wiki/ISO_3166-2:DM","DMA","do","https://www.cia.gov/library/publications/the-world-factbook/geos/do.html","1 767",".dm","WD"
"https://country-code.cl/es/","NA","republica-dominicana","República Dominicana","DO","https://en.wikipedia.org/wiki/ISO_3166-2:DO","DOM","dr","https://www.cia.gov/library/publications/the-world-factbook/geos/dr.html","1 809/829/ 849",".do","DOM"
"https://country-code.cl/es/","SA","ecuador","Ecuador","EC","https://en.wikipedia.org/wiki/ISO_3166-2:EC","ECU","ec","https://www.cia.gov/library/publications/the-world-factbook/geos/ec.html","593",".ec","EC"
"https://country-code.cl/es/","AF","egipto","Egipto","EG","https://en.wikipedia.org/wiki/ISO_3166-2:EG","EGY","eg","https://www.cia.gov/library/publications/the-world-factbook/geos/eg.html","20",".eg","ET"
"https://country-code.cl/es/","NA","el-salvador","El Salvador","SV","https://en.wikipedia.org/wiki/ISO_3166-2:SV","SLV","es","https://www.cia.gov/library/publications/the-world-factbook/geos/es.html","503",".sv","ES"
"https://country-code.cl/es/","AF","guinea-ecuatorial","Guinea Ecuatorial","GQ","https://en.wikipedia.org/wiki/ISO_3166-2:GQ","GNQ","ek","https://www.cia.gov/library/publications/the-world-factbook/geos/ek.html","240",".gq","GQ"
"https://country-code.cl/es/","AF","eritrea","Eritrea","ER","https://en.wikipedia.org/wiki/ISO_3166-2:ER","ERI","er","https://www.cia.gov/library/publications/the-world-factbook/geos/er.html","291",".er","ER"
"https://country-code.cl/es/","EU","estonia","Estonia","EE","https://en.wikipedia.org/wiki/ISO_3166-2:EE","EST","en","https://www.cia.gov/library/publications/the-world-factbook/geos/en.html","372",".ee","EST"
"https://country-code.cl/es/","AF","etiopia","Etiopía","ET","https://en.wikipedia.org/wiki/ISO_3166-2:ET","ETH","et","https://www.cia.gov/library/publications/the-world-factbook/geos/et.html","251",".et","ETH"
"https://country-code.cl/es/","SA","islas-falkland-malvinas-","Islas Falkland (Malvinas)","FK","https://en.wikipedia.org/wiki/ISO_3166-2:FK","FLK","fk","https://www.cia.gov/library/publications/the-world-factbook/geos/fk.html","500",".fk",""
"https://country-code.cl/es/","EU","islas-feroe","Islas Feroe","FO","https://en.wikipedia.org/wiki/ISO_3166-2:FO","FRO","fo","https://www.cia.gov/library/publications/the-world-factbook/geos/fo.html","298",".fo","FO"
"https://country-code.cl/es/","OC","fiyi","Fiyi","FJ","https://en.wikipedia.org/wiki/ISO_3166-2:FJ","FJI","fj","https://www.cia.gov/library/publications/the-world-factbook/geos/fj.html","679",".fj","FJI"
"https://country-code.cl/es/","EU","finlandia","Finlandia","FI","https://en.wikipedia.org/wiki/ISO_3166-2:FI","FIN","fi","https://www.cia.gov/library/publications/the-world-factbook/geos/fi.html","358",".fi","FIN"
"https://country-code.cl/es/","EU","francia","Francia","FR","https://en.wikipedia.org/wiki/ISO_3166-2:FR","FRA","fr","https://www.cia.gov/library/publications/the-world-factbook/geos/fr.html","33",".fr","F"
"https://country-code.cl/es/","SA","guayana-francesa","Guayana Francesa","GF","https://en.wikipedia.org/wiki/ISO_3166-2:GF","GUF","fr","https://www.cia.gov/library/publications/the-world-factbook/geos/fr.html","594",".gf",""
"https://country-code.cl/es/","OC","polinesia-francesa","Polinesia Francesa","PF","https://en.wikipedia.org/wiki/ISO_3166-2:PF","PYF","fp","https://www.cia.gov/library/publications/the-world-factbook/geos/fp.html","689",".pf",""
"https://country-code.cl/es/","AN","territorios-australes-franceses","Territorios Australes Franceses","TF","https://en.wikipedia.org/wiki/ISO_3166-2:TF","ATF","fs","https://www.cia.gov/library/publications/the-world-factbook/geos/fs.html","-",".tf",""
"https://country-code.cl/es/","AF","gabon","Gabón","GA","https://en.wikipedia.org/wiki/ISO_3166-2:GA","GAB","gb","https://www.cia.gov/library/publications/the-world-factbook/geos/gb.html","241",".ga","G"
"https://country-code.cl/es/","AF","gambia","Gambia","GM","https://en.wikipedia.org/wiki/ISO_3166-2:GM","GMB","ga","https://www.cia.gov/library/publications/the-world-factbook/geos/ga.html","220",".gm","WAG"
"https://country-code.cl/es/","AS","georgia","Georgia","GE","https://en.wikipedia.org/wiki/ISO_3166-2:GE","GEO","gg","https://www.cia.gov/library/publications/the-world-factbook/geos/gg.html","995",".ge","GE"
"https://country-code.cl/es/","EU","alemania","Alemania","DE","https://en.wikipedia.org/wiki/ISO_3166-2:DE","DEU","gm","https://www.cia.gov/library/publications/the-world-factbook/geos/gm.html","49",".de","D"
"https://country-code.cl/es/","AF","ghana","Ghana","GH","https://en.wikipedia.org/wiki/ISO_3166-2:GH","GHA","gh","https://www.cia.gov/library/publications/the-world-factbook/geos/gh.html","233",".gh","GH"
"https://country-code.cl/es/","EU","gibraltar","Gibraltar","GI","https://en.wikipedia.org/wiki/ISO_3166-2:GI","GIB","gi","https://www.cia.gov/library/publications/the-world-factbook/geos/gi.html","350",".gi","GBZ"
"https://country-code.cl/es/","EU","grecia","Grecia","GR","https://en.wikipedia.org/wiki/ISO_3166-2:GR","GRC","gr","https://www.cia.gov/library/publications/the-world-factbook/geos/gr.html","30",".gr","GR"
"https://country-code.cl/es/","NA","groenlandia","Groenlandia","GL","https://en.wikipedia.org/wiki/ISO_3166-2:GL","GRL","gl","https://www.cia.gov/library/publications/the-world-factbook/geos/gl.html","299",".gl","KN"
"https://country-code.cl/es/","NA","granada","Granada","GD","https://en.wikipedia.org/wiki/ISO_3166-2:GD","GRD","gj","https://www.cia.gov/library/publications/the-world-factbook/geos/gj.html","1 473",".gd","WG"
"https://country-code.cl/es/","NA","guadalupe","Guadalupe","GP","https://en.wikipedia.org/wiki/ISO_3166-2:GP","GLP","fr","https://www.cia.gov/library/publications/the-world-factbook/geos/fr.html","590",".gp",""
"https://country-code.cl/es/","OC","guam","Guam","GU","https://en.wikipedia.org/wiki/ISO_3166-2:GU","GUM","gq","https://www.cia.gov/library/publications/the-world-factbook/geos/gq.html","1 671",".gu","GM"
"https://country-code.cl/es/","NA","guatemala","Guatemala","GT","https://en.wikipedia.org/wiki/ISO_3166-2:GT","GTM","gt","https://www.cia.gov/library/publications/the-world-factbook/geos/gt.html","502",".gt","GCA"
"https://country-code.cl/es/","EU","guernsey","Guernsey","GG","https://en.wikipedia.org/wiki/ISO_3166-2:GG","GGY","gk","https://www.cia.gov/library/publications/the-world-factbook/geos/gk.html","44",".gg","GBG"
"https://country-code.cl/es/","AF","guinea","Guinea","GN","https://en.wikipedia.org/wiki/ISO_3166-2:GN","GIN","gv","https://www.cia.gov/library/publications/the-world-factbook/geos/gv.html","224",".gn","RG"
"https://country-code.cl/es/","AF","guinea-bisau","Guinea-Bisáu","GW","https://en.wikipedia.org/wiki/ISO_3166-2:GW","GNB","pu","https://www.cia.gov/library/publications/the-world-factbook/geos/pu.html","245",".gw","RGB/ GW"
"https://country-code.cl/es/","SA","guyana","Guyana","GY","https://en.wikipedia.org/wiki/ISO_3166-2:GY","GUY","gy","https://www.cia.gov/library/publications/the-world-factbook/geos/gy.html","592",".gy","GUY"
"https://country-code.cl/es/","NA","haiti","Haití","HT","https://en.wikipedia.org/wiki/ISO_3166-2:HT","HTI","ha","https://www.cia.gov/library/publications/the-world-factbook/geos/ha.html","509",".ht","RH"
"https://country-code.cl/es/","AN","islas-heard-y-mcdonald","Islas Heard y Mcdonald","HM","https://en.wikipedia.org/wiki/ISO_3166-2:HM","HMD","hm","https://www.cia.gov/library/publications/the-world-factbook/geos/hm.html","1 672",".hm",""
"https://country-code.cl/es/","EU","santa-sede-ciudad-estado-vaticano-","Santa Sede (Ciudad Estado Vaticano)","VA","https://en.wikipedia.org/wiki/ISO_3166-2:VA","VAT","vt","https://www.cia.gov/library/publications/the-world-factbook/geos/vt.html","379",".va","V"
"https://country-code.cl/es/","NA","honduras","Honduras","HN","https://en.wikipedia.org/wiki/ISO_3166-2:HN","HND","ho","https://www.cia.gov/library/publications/the-world-factbook/geos/ho.html","504",".hn","HN"
"https://country-code.cl/es/","AS","hong-kong","Hong Kong","HK","https://en.wikipedia.org/wiki/ISO_3166-2:HK","HKG","hk","https://www.cia.gov/library/publications/the-world-factbook/geos/hk.html","852",".hk","HK"
"https://country-code.cl/es/","EU","hungria","Hungría","HU","https://en.wikipedia.org/wiki/ISO_3166-2:HU","HUN","hu","https://www.cia.gov/library/publications/the-world-factbook/geos/hu.html","36",".hu","H"
"https://country-code.cl/es/","EU","islandia","Islandia","IS","https://en.wikipedia.org/wiki/ISO_3166-2:IS","ISL","ic","https://www.cia.gov/library/publications/the-world-factbook/geos/ic.html","354",".is","IS"
"https://country-code.cl/es/","AS","india","India","IN","https://en.wikipedia.org/wiki/ISO_3166-2:IN","IND","in","https://www.cia.gov/library/publications/the-world-factbook/geos/in.html","91",".in","IND"
"https://country-code.cl/es/","AS","indonesia","Indonesia","ID","https://en.wikipedia.org/wiki/ISO_3166-2:ID","IDN","id","https://www.cia.gov/library/publications/the-world-factbook/geos/id.html","62",".id","RI"
"https://country-code.cl/es/","AS","iran-republica-islamica-de","Irán, República Islámica de","IR","https://en.wikipedia.org/wiki/ISO_3166-2:IR","IRN","ir","https://www.cia.gov/library/publications/the-world-factbook/geos/ir.html","98",".ir","IR"
"https://country-code.cl/es/","AS","irak","Irak","IQ","https://en.wikipedia.org/wiki/ISO_3166-2:IQ","IRQ","iz","https://www.cia.gov/library/publications/the-world-factbook/geos/iz.html","964",".iq","IRQ"
"https://country-code.cl/es/","EU","irlanda","Irlanda","IE","https://en.wikipedia.org/wiki/ISO_3166-2:IE","IRL","ei","https://www.cia.gov/library/publications/the-world-factbook/geos/ei.html","353",".ie","IRL"
"https://country-code.cl/es/","EU","isla-de-man","Isla de Man","IM","https://en.wikipedia.org/wiki/ISO_3166-2:IM","IMN","im","https://www.cia.gov/library/publications/the-world-factbook/geos/im.html","44",".im","GBM"
"https://country-code.cl/es/","AS","israel","Israel","IL","https://en.wikipedia.org/wiki/ISO_3166-2:IL","ISR","is","https://www.cia.gov/library/publications/the-world-factbook/geos/is.html","972",".il","IL"
"https://country-code.cl/es/","EU","italia","Italia","IT","https://en.wikipedia.org/wiki/ISO_3166-2:IT","ITA","it","https://www.cia.gov/library/publications/the-world-factbook/geos/it.html","39",".it","I"
"https://country-code.cl/es/","NA","jamaica","Jamaica","JM","https://en.wikipedia.org/wiki/ISO_3166-2:JM","JAM","jm","https://www.cia.gov/library/publications/the-world-factbook/geos/jm.html","1 876",".jm","JA"
"https://country-code.cl/es/","AS","japon","Japón","JP","https://en.wikipedia.org/wiki/ISO_3166-2:JP","JPN","ja","https://www.cia.gov/library/publications/the-world-factbook/geos/ja.html","81",".jp","J"
"https://country-code.cl/es/","EU","jersey","Jersey","JE","https://en.wikipedia.org/wiki/ISO_3166-2:JE","JEY","je","https://www.cia.gov/library/publications/the-world-factbook/geos/je.html","44",".je","GBJ"
"https://country-code.cl/es/","AS","jordania","Jordania","JO","https://en.wikipedia.org/wiki/ISO_3166-2:JO","JOR","jo","https://www.cia.gov/library/publications/the-world-factbook/geos/jo.html","962",".jo","HKJ"
"https://country-code.cl/es/","AS","kazajistan","Kazajistán","KZ","https://en.wikipedia.org/wiki/ISO_3166-2:KZ","KAZ","kz","https://www.cia.gov/library/publications/the-world-factbook/geos/kz.html","7",".kz","KZ"
"https://country-code.cl/es/","AF","kenia","Kenia","KE","https://en.wikipedia.org/wiki/ISO_3166-2:KE","KEN","ke","https://www.cia.gov/library/publications/the-world-factbook/geos/ke.html","254",".ke","EAK"
"https://country-code.cl/es/","OC","kiribati","Kiribati","KI","https://en.wikipedia.org/wiki/ISO_3166-2:KI","KIR","kr","https://www.cia.gov/library/publications/the-world-factbook/geos/kr.html","686",".ki","KIR"
"https://country-code.cl/es/","AS","corea-republica-democratica-popular-de","Corea, República Democrática Popular de","KP","https://en.wikipedia.org/wiki/ISO_3166-2:KP","PRK","kn","https://www.cia.gov/library/publications/the-world-factbook/geos/kn.html","850",".kp","KP"
"https://country-code.cl/es/","AS","corea-republica-de","Corea, República de","KR","https://en.wikipedia.org/wiki/ISO_3166-2:KR","KOR","ks","https://www.cia.gov/library/publications/the-world-factbook/geos/ks.html","82",".kr","ROK"
"https://country-code.cl/es/","AS","kuwait","Kuwait","KW","https://en.wikipedia.org/wiki/ISO_3166-2:KW","KWT","ku","https://www.cia.gov/library/publications/the-world-factbook/geos/ku.html","965",".kw","KWT"
"https://country-code.cl/es/","AS","kirguistan","Kirguistán","KG","https://en.wikipedia.org/wiki/ISO_3166-2:KG","KGZ","kg","https://www.cia.gov/library/publications/the-world-factbook/geos/kg.html","996",".kg","KS"
"https://country-code.cl/es/","AS","republica-democratica-popular-lao","República Democrática Popular Lao","LA","https://en.wikipedia.org/wiki/ISO_3166-2:LA","LAO","la","https://www.cia.gov/library/publications/the-world-factbook/geos/la.html","856",".la","LAO"
"https://country-code.cl/es/","EU","letonia","Letonia","LV","https://en.wikipedia.org/wiki/ISO_3166-2:LV","LVA","lg","https://www.cia.gov/library/publications/the-world-factbook/geos/lg.html","371",".lv","LV"
"https://country-code.cl/es/","AS","libano","Líbano","LB","https://en.wikipedia.org/wiki/ISO_3166-2:LB","LBN","le","https://www.cia.gov/library/publications/the-world-factbook/geos/le.html","961",".lb","RL"
"https://country-code.cl/es/","AF","lesoto","Lesoto","LS","https://en.wikipedia.org/wiki/ISO_3166-2:LS","LSO","lt","https://www.cia.gov/library/publications/the-world-factbook/geos/lt.html","266",".ls","LS"
"https://country-code.cl/es/","AF","liberia","Liberia","LR","https://en.wikipedia.org/wiki/ISO_3166-2:LR","LBR","li","https://www.cia.gov/library/publications/the-world-factbook/geos/li.html","231",".lr","LB"
"https://country-code.cl/es/","AF","libia","Libia","LY","https://en.wikipedia.org/wiki/ISO_3166-2:LY","LBY","ly","https://www.cia.gov/library/publications/the-world-factbook/geos/ly.html","218",".ly","LAR"
"https://country-code.cl/es/","EU","liechtenstein","Liechtenstein","LI","https://en.wikipedia.org/wiki/ISO_3166-2:LI","LIE","ls","https://www.cia.gov/library/publications/the-world-factbook/geos/ls.html","423",".li","FL"
"https://country-code.cl/es/","EU","lituania","Lituania","LT","https://en.wikipedia.org/wiki/ISO_3166-2:LT","LTU","lh","https://www.cia.gov/library/publications/the-world-factbook/geos/lh.html","370",".lt","LT"
"https://country-code.cl/es/","EU","luxemburgo","Luxemburgo","LU","https://en.wikipedia.org/wiki/ISO_3166-2:LU","LUX","lu","https://www.cia.gov/library/publications/the-world-factbook/geos/lu.html","352",".lu","L"
"https://country-code.cl/es/","AS","macao","Macao","MO","https://en.wikipedia.org/wiki/ISO_3166-2:MO","MAC","mc","https://www.cia.gov/library/publications/the-world-factbook/geos/mc.html","853",".mo","MO"
"https://country-code.cl/es/","EU","macedonia-la-antigua-republica-yugoslava-de","Macedonia, La Antigua República Yugoslava de","MK","https://en.wikipedia.org/wiki/ISO_3166-2:MK","MKD","mk","https://www.cia.gov/library/publications/the-world-factbook/geos/mk.html","389",".mk","MK"
"https://country-code.cl/es/","AF","madagascar","Madagascar","MG","https://en.wikipedia.org/wiki/ISO_3166-2:MG","MDG","ma","https://www.cia.gov/library/publications/the-world-factbook/geos/ma.html","261",".mg","RM"
"https://country-code.cl/es/","AF","malaui","Malaui","MW","https://en.wikipedia.org/wiki/ISO_3166-2:MW","MWI","mi","https://www.cia.gov/library/publications/the-world-factbook/geos/mi.html","265",".mw","MW"
"https://country-code.cl/es/","AS","malasia","Malasia","MY","https://en.wikipedia.org/wiki/ISO_3166-2:MY","MYS","my","https://www.cia.gov/library/publications/the-world-factbook/geos/my.html","60",".my","MAL"
"https://country-code.cl/es/","AS","maldivas","Maldivas","MV","https://en.wikipedia.org/wiki/ISO_3166-2:MV","MDV","mv","https://www.cia.gov/library/publications/the-world-factbook/geos/mv.html","960",".mv","MV"
"https://country-code.cl/es/","AF","mali","Malí","ML","https://en.wikipedia.org/wiki/ISO_3166-2:ML","MLI","ml","https://www.cia.gov/library/publications/the-world-factbook/geos/ml.html","223",".ml","RMM"
"https://country-code.cl/es/","EU","malta","Malta","MT","https://en.wikipedia.org/wiki/ISO_3166-2:MT","MLT","mt","https://www.cia.gov/library/publications/the-world-factbook/geos/mt.html","356",".mt","M"
"https://country-code.cl/es/","OC","islas-marshall","Islas Marshall","MH","https://en.wikipedia.org/wiki/ISO_3166-2:MH","MHL","rm","https://www.cia.gov/library/publications/the-world-factbook/geos/rm.html","692",".mh","MH"
"https://country-code.cl/es/","NA","martinica","Martinica","MQ","https://en.wikipedia.org/wiki/ISO_3166-2:MQ","MTQ","fr","https://www.cia.gov/library/publications/the-world-factbook/geos/fr.html","596",".mq",""
"https://country-code.cl/es/","AF","mauritania","Mauritania","MR","https://en.wikipedia.org/wiki/ISO_3166-2:MR","MRT","mr","https://www.cia.gov/library/publications/the-world-factbook/geos/mr.html","222",".mr","RIM"
"https://country-code.cl/es/","AF","mauricio","Mauricio","MU","https://en.wikipedia.org/wiki/ISO_3166-2:MU","MUS","mp","https://www.cia.gov/library/publications/the-world-factbook/geos/mp.html","230",".mu","MS"
"https://country-code.cl/es/","AF","mayotte","Mayotte","YT","https://en.wikipedia.org/wiki/ISO_3166-2:YT","MYT","fr","https://www.cia.gov/library/publications/the-world-factbook/geos/fr.html","262",".yt",""
"https://country-code.cl/es/","NA","mexico","México","MX","https://en.wikipedia.org/wiki/ISO_3166-2:MX","MEX","mx","https://www.cia.gov/library/publications/the-world-factbook/geos/mx.html","52",".mx","MEX"
"https://country-code.cl/es/","OC","micronesia-estados-federados-de","Micronesia, Estados Federados de","FM","https://en.wikipedia.org/wiki/ISO_3166-2:FM","FSM","fm","https://www.cia.gov/library/publications/the-world-factbook/geos/fm.html","691",".fm","FSM"
"https://country-code.cl/es/","EU","moldavia-republica-de","Moldavia, República de","MD","https://en.wikipedia.org/wiki/ISO_3166-2:MD","MDA","md","https://www.cia.gov/library/publications/the-world-factbook/geos/md.html","373",".md","MD"
"https://country-code.cl/es/","EU","monaco","Mónaco","MC","https://en.wikipedia.org/wiki/ISO_3166-2:MC","MCO","mn","https://www.cia.gov/library/publications/the-world-factbook/geos/mn.html","377",".mc","MC"
"https://country-code.cl/es/","AS","mongolia","Mongolia","MN","https://en.wikipedia.org/wiki/ISO_3166-2:MN","MNG","mg","https://www.cia.gov/library/publications/the-world-factbook/geos/mg.html","976",".mn","MGL"
"https://country-code.cl/es/","EU","montenegro","Montenegro","ME","https://en.wikipedia.org/wiki/ISO_3166-2:ME","MNE","mj","https://www.cia.gov/library/publications/the-world-factbook/geos/mj.html","382",".me","MNE"
"https://country-code.cl/es/","NA","montserrat","Montserrat","MS","https://en.wikipedia.org/wiki/ISO_3166-2:MS","MSR","mh","https://www.cia.gov/library/publications/the-world-factbook/geos/mh.html","1 664",".ms",""
"https://country-code.cl/es/","AF","marruecos","Marruecos","MA","https://en.wikipedia.org/wiki/ISO_3166-2:MA","MAR","mo","https://www.cia.gov/library/publications/the-world-factbook/geos/mo.html","212",".ma","MA"
"https://country-code.cl/es/","AF","mozambique","Mozambique","MZ","https://en.wikipedia.org/wiki/ISO_3166-2:MZ","MOZ","mz","https://www.cia.gov/library/publications/the-world-factbook/geos/mz.html","258",".mz","MOC"
"https://country-code.cl/es/","AS","myanmar","Myanmar","MM","https://en.wikipedia.org/wiki/ISO_3166-2:MM","MMR","bm","https://www.cia.gov/library/publications/the-world-factbook/geos/bm.html","95",".mm","MYA"
"https://country-code.cl/es/","AF","nabimia","Nabimia","NA","https://en.wikipedia.org/wiki/ISO_3166-2:NA","NAM","wa","https://www.cia.gov/library/publications/the-world-factbook/geos/wa.html","264",".na","NAM"
"https://country-code.cl/es/","OC","nauru","Nauru","NR","https://en.wikipedia.org/wiki/ISO_3166-2:NR","NRU","nr","https://www.cia.gov/library/publications/the-world-factbook/geos/nr.html","674",".nr","NAU"
"https://country-code.cl/es/","AS","nepal","Nepal","NP","https://en.wikipedia.org/wiki/ISO_3166-2:NP","NPL","np","https://www.cia.gov/library/publications/the-world-factbook/geos/np.html","977",".np","NEP"
"https://country-code.cl/es/","EU","paises-bajos","Países Bajos","NL","https://en.wikipedia.org/wiki/ISO_3166-2:NL","NLD","nl","https://www.cia.gov/library/publications/the-world-factbook/geos/nl.html","31",".nl","NL"
"https://country-code.cl/es/","OC","nueva-caledonia","Nueva Caledonia","NC","https://en.wikipedia.org/wiki/ISO_3166-2:NC","NCL","nc","https://www.cia.gov/library/publications/the-world-factbook/geos/nc.html","687",".nc","NC"
"https://country-code.cl/es/","OC","nueva-zelanda","Nueva Zelanda","NZ","https://en.wikipedia.org/wiki/ISO_3166-2:NZ","NZL","nz","https://www.cia.gov/library/publications/the-world-factbook/geos/nz.html","64",".nz","NZ"
"https://country-code.cl/es/","NA","nicaragua","Nicaragua","NI","https://en.wikipedia.org/wiki/ISO_3166-2:NI","NIC","nu","https://www.cia.gov/library/publications/the-world-factbook/geos/nu.html","505",".ni","NIC"
"https://country-code.cl/es/","AF","niger","Níger","NE","https://en.wikipedia.org/wiki/ISO_3166-2:NE","NER","ng","https://www.cia.gov/library/publications/the-world-factbook/geos/ng.html","227",".ne","RN"
"https://country-code.cl/es/","AF","nigeria","Nigeria","NG","https://en.wikipedia.org/wiki/ISO_3166-2:NG","NGA","ni","https://www.cia.gov/library/publications/the-world-factbook/geos/ni.html","234",".ng","WAN"
"https://country-code.cl/es/","OC","niue","Niue","NU","https://en.wikipedia.org/wiki/ISO_3166-2:NU","NIU","ne","https://www.cia.gov/library/publications/the-world-factbook/geos/ne.html","683",".nu",""
"https://country-code.cl/es/","OC","isla-norfolk","Isla Norfolk","NF","https://en.wikipedia.org/wiki/ISO_3166-2:NF","NFK","nf","https://www.cia.gov/library/publications/the-world-factbook/geos/nf.html","6723",".nf",""
"https://country-code.cl/es/","OC","islas-marianas-del-norte","Islas Marianas del Norte","MP","https://en.wikipedia.org/wiki/ISO_3166-2:MP","MNP","cq","https://www.cia.gov/library/publications/the-world-factbook/geos/cq.html","1 670",".mp",""
"https://country-code.cl/es/","EU","noruega","Noruega","NO","https://en.wikipedia.org/wiki/ISO_3166-2:NO","NOR","no","https://www.cia.gov/library/publications/the-world-factbook/geos/no.html","47",".no","N"
"https://country-code.cl/es/","AS","oman","Omán","OM","https://en.wikipedia.org/wiki/ISO_3166-2:OM","OMN","mu","https://www.cia.gov/library/publications/the-world-factbook/geos/mu.html","968",".om","OM"
"https://country-code.cl/es/","AS","pakistan","Pakistán","PK","https://en.wikipedia.org/wiki/ISO_3166-2:PK","PAK","pk","https://www.cia.gov/library/publications/the-world-factbook/geos/pk.html","92",".pk","PK"
"https://country-code.cl/es/","OC","palaos","Palaos","PW","https://en.wikipedia.org/wiki/ISO_3166-2:PW","PLW","ps","https://www.cia.gov/library/publications/the-world-factbook/geos/ps.html","680",".pw","PAL"
"https://country-code.cl/es/","AS","palestina-estado-de","Palestina, Estado de","PS","https://en.wikipedia.org/wiki/ISO_3166-2:PS","PSE","gz; we","https://www.cia.gov/library/publications/the-world-factbook/geos/gz.html; https://www.cia.gov/library/publications/the-world-factbook/geos/we.html","970",".ps","PS"
"https://country-code.cl/es/","NA","panama","Panamá","PA","https://en.wikipedia.org/wiki/ISO_3166-2:PA","PAN","pm","https://www.cia.gov/library/publications/the-world-factbook/geos/pm.html","507",".pa","PA"
"https://country-code.cl/es/","OC","papua-nueva-guinea","Papúa Nueva Guinea","PG","https://en.wikipedia.org/wiki/ISO_3166-2:PG","PNG","pp","https://www.cia.gov/library/publications/the-world-factbook/geos/pp.html","675",".pg","PNG"
"https://country-code.cl/es/","SA","paraguay","Paraguay","PY","https://en.wikipedia.org/wiki/ISO_3166-2:PY","PRY","pa","https://www.cia.gov/library/publications/the-world-factbook/geos/pa.html","595",".py","PY"
"https://country-code.cl/es/","SA","peru","Perú","PE","https://en.wikipedia.org/wiki/ISO_3166-2:PE","PER","pe","https://www.cia.gov/library/publications/the-world-factbook/geos/pe.html","51",".pe","PE"
"https://country-code.cl/es/","AS","filipinas","Filipinas","PH","https://en.wikipedia.org/wiki/ISO_3166-2:PH","PHL","rp","https://www.cia.gov/library/publications/the-world-factbook/geos/rp.html","63",".ph","RP"
"https://country-code.cl/es/","OC","pitcairn","Pitcairn","PN","https://en.wikipedia.org/wiki/ISO_3166-2:PN","PCN","pc","https://www.cia.gov/library/publications/the-world-factbook/geos/pc.html","64",".pn",""
"https://country-code.cl/es/","EU","polonia","Polonia","PL","https://en.wikipedia.org/wiki/ISO_3166-2:PL","POL","pl","https://www.cia.gov/library/publications/the-world-factbook/geos/pl.html","48",".pl","PL"
"https://country-code.cl/es/","EU","portugal","Portugal","PT","https://en.wikipedia.org/wiki/ISO_3166-2:PT","PRT","po","https://www.cia.gov/library/publications/the-world-factbook/geos/po.html","351",".pt","P"
"https://country-code.cl/es/","NA","puerto-rico","Puerto Rico","PR","https://en.wikipedia.org/wiki/ISO_3166-2:PR","PRI","rq","https://www.cia.gov/library/publications/the-world-factbook/geos/rq.html","1 787/939",".pr","PR"
"https://country-code.cl/es/","AS","qatar","Qatar","QA","https://en.wikipedia.org/wiki/ISO_3166-2:QA","QAT","qa","https://www.cia.gov/library/publications/the-world-factbook/geos/qa.html","974",".qa","Q"
"https://country-code.cl/es/","AF","reunion","Reunión","RE","https://en.wikipedia.org/wiki/ISO_3166-2:RE","REU","fr","https://www.cia.gov/library/publications/the-world-factbook/geos/fr.html","262",".re",""
"https://country-code.cl/es/","EU","rumania","Rumania","RO","https://en.wikipedia.org/wiki/ISO_3166-2:RO","ROU","ro","https://www.cia.gov/library/publications/the-world-factbook/geos/ro.html","40",".ro","RO"
"https://country-code.cl/es/","EU","federacion-rusa","Federacion Rusa","RU","https://en.wikipedia.org/wiki/ISO_3166-2:RU","RUS","rs","https://www.cia.gov/library/publications/the-world-factbook/geos/rs.html","7",".ru","RUS"
"https://country-code.cl/es/","AF","ruanda","Ruanda","RW","https://en.wikipedia.org/wiki/ISO_3166-2:RW","RWA","rw","https://www.cia.gov/library/publications/the-world-factbook/geos/rw.html","250",".rw","RWA"
"https://country-code.cl/es/","NA","san-bartolome","San Bartolomé","BL","https://en.wikipedia.org/wiki/ISO_3166-2:BL","BLM","tb","https://www.cia.gov/library/publications/the-world-factbook/geos/tb.html","590",".bl",""
"https://country-code.cl/es/","AF","santa-helena-ascension-y-tristan-de-acuna","Santa Helena, Ascensión y Tristán de Acuña","SH","https://en.wikipedia.org/wiki/ISO_3166-2:SH","SHN","sh","https://www.cia.gov/library/publications/the-world-factbook/geos/sh.html","290",".sh",""
"https://country-code.cl/es/","NA","san-cristobal-y-nieves","San Cristóbal y Nieves","KN","https://en.wikipedia.org/wiki/ISO_3166-2:KN","KNA","sc","https://www.cia.gov/library/publications/the-world-factbook/geos/sc.html","1 869",".kn","KAN"
"https://country-code.cl/es/","NA","santa-lucia","Santa Lucía","LC","https://en.wikipedia.org/wiki/ISO_3166-2:LC","LCA","st","https://www.cia.gov/library/publications/the-world-factbook/geos/st.html","1 758",".lc","WL"
"https://country-code.cl/es/","NA","san-martin-parte-francesa-","San Martín (Parte Francesa)","MF","https://en.wikipedia.org/wiki/ISO_3166-2:MF","MAF","rn","https://www.cia.gov/library/publications/the-world-factbook/geos/rn.html","590",".mf",""
"https://country-code.cl/es/","NA","san-pedro-y-miquelon","San Pedro y Miquelón","PM","https://en.wikipedia.org/wiki/ISO_3166-2:PM","SPM","sb","https://www.cia.gov/library/publications/the-world-factbook/geos/sb.html","508",".pm",""
"https://country-code.cl/es/","NA","san-vicente-y-las-granadinas","San Vicente y Las Granadinas","VC","https://en.wikipedia.org/wiki/ISO_3166-2:VC","VCT","vc","https://www.cia.gov/library/publications/the-world-factbook/geos/vc.html","1 784",".vc","WV"
"https://country-code.cl/es/","OC","samoa","Samoa","WS","https://en.wikipedia.org/wiki/ISO_3166-2:WS","WSM","ws","https://www.cia.gov/library/publications/the-world-factbook/geos/ws.html","685",".ws","WS"
"https://country-code.cl/es/","EU","san-marino","San Marino","SM","https://en.wikipedia.org/wiki/ISO_3166-2:SM","SMR","sm","https://www.cia.gov/library/publications/the-world-factbook/geos/sm.html","378",".sm","RSM"
"https://country-code.cl/es/","AF","santo-tome-y-principe","Santo Tomé y Principe","ST","https://en.wikipedia.org/wiki/ISO_3166-2:ST","STP","tp","https://www.cia.gov/library/publications/the-world-factbook/geos/tp.html","239",".st","STP"
"https://country-code.cl/es/","AS","arabia-saudita","Arabia Saudita","SA","https://en.wikipedia.org/wiki/ISO_3166-2:SA","SAU","sa","https://www.cia.gov/library/publications/the-world-factbook/geos/sa.html","966",".sa","KSA"
"https://country-code.cl/es/","AF","senegal","Senegal","SN","https://en.wikipedia.org/wiki/ISO_3166-2:SN","SEN","sg","https://www.cia.gov/library/publications/the-world-factbook/geos/sg.html","221",".sn","SN"
"https://country-code.cl/es/","EU","serbia","Serbia","RS","https://en.wikipedia.org/wiki/ISO_3166-2:RS","SRB","ri","https://www.cia.gov/library/publications/the-world-factbook/geos/ri.html","381",".rs","SRB"
"https://country-code.cl/es/","AF","seychelles","Seychelles","SC","https://en.wikipedia.org/wiki/ISO_3166-2:SC","SYC","se","https://www.cia.gov/library/publications/the-world-factbook/geos/se.html","248",".sc","SY"
"https://country-code.cl/es/","AF","sierra-leona","Sierra Leona","SL","https://en.wikipedia.org/wiki/ISO_3166-2:SL","SLE","sl","https://www.cia.gov/library/publications/the-world-factbook/geos/sl.html","232",".sl","WAL"
"https://country-code.cl/es/","AS","singapur","Singapur","SG","https://en.wikipedia.org/wiki/ISO_3166-2:SG","SGP","sn","https://www.cia.gov/library/publications/the-world-factbook/geos/sn.html","65",".sg","SGP"
"https://country-code.cl/es/","NA","sint-maarten-parte-neerlandesa-","Sint Maarten (Parte Neerlandesa)","SX","https://en.wikipedia.org/wiki/ISO_3166-2:SX","SXM","sk","https://www.cia.gov/library/publications/the-world-factbook/geos/sk.html","1 721",".sx",""
"https://country-code.cl/es/","EU","eslovaquia","Eslovaquia","SK","https://en.wikipedia.org/wiki/ISO_3166-2:SK","SVK","lo","https://www.cia.gov/library/publications/the-world-factbook/geos/lo.html","421",".sk","SK"
"https://country-code.cl/es/","EU","eslovenia","Eslovenia","SI","https://en.wikipedia.org/wiki/ISO_3166-2:SI","SVN","si","https://www.cia.gov/library/publications/the-world-factbook/geos/si.html","386",".si","SLO"
"https://country-code.cl/es/","OC","islas-salomon","Islas Salomón","SB","https://en.wikipedia.org/wiki/ISO_3166-2:SB","SLB","bp","https://www.cia.gov/library/publications/the-world-factbook/geos/bp.html","677",".sb","SOL"
"https://country-code.cl/es/","AF","somalia","Somalia","SO","https://en.wikipedia.org/wiki/ISO_3166-2:SO","SOM","so","https://www.cia.gov/library/publications/the-world-factbook/geos/so.html","252",".so","SO"
"https://country-code.cl/es/","AF","sudafrica","Sudáfrica","ZA","https://en.wikipedia.org/wiki/ISO_3166-2:ZA","ZAF","sf","https://www.cia.gov/library/publications/the-world-factbook/geos/sf.html","27",".za","ZA"
"https://country-code.cl/es/","AN","islas-georgias-del-sur-y-sandwich-del-sur","Islas Georgias del Sur y Sandwich del Sur","GS","https://en.wikipedia.org/wiki/ISO_3166-2:GS","SGS","sx","https://www.cia.gov/library/publications/the-world-factbook/geos/sx.html","500",".gs",""
"https://country-code.cl/es/","AF","sudan-del-sur","Sudán del Sur","SS","https://en.wikipedia.org/wiki/ISO_3166-2:SS","SSD","od","https://www.cia.gov/library/publications/the-world-factbook/geos/od.html","211",".ss",""
"https://country-code.cl/es/","EU","espana","España","ES","https://en.wikipedia.org/wiki/ISO_3166-2:ES","ESP","sp","https://www.cia.gov/library/publications/the-world-factbook/geos/sp.html","34",".es","E"
"https://country-code.cl/es/","AS","sri-lanka","Sri Lanka","LK","https://en.wikipedia.org/wiki/ISO_3166-2:LK","LKA","ce","https://www.cia.gov/library/publications/the-world-factbook/geos/ce.html","94",".lk","CL"
"https://country-code.cl/es/","AF","sudan","Sudán","SD","https://en.wikipedia.org/wiki/ISO_3166-2:SD","SDN","su","https://www.cia.gov/library/publications/the-world-factbook/geos/su.html","249",".sd","SUD"
"https://country-code.cl/es/","SA","surinam","Surinam","SR","https://en.wikipedia.org/wiki/ISO_3166-2:SR","SUR","ns","https://www.cia.gov/library/publications/the-world-factbook/geos/ns.html","597",".sr","SME"
"https://country-code.cl/es/","EU","svalbard-y-jan-mayen","Svalbard y Jan Mayen","SJ","https://en.wikipedia.org/wiki/ISO_3166-2:SJ","SJM","sv; jn","https://www.cia.gov/library/publications/the-world-factbook/geos/sv.html; https://www.cia.gov/library/publications/the-world-factbook/geos/jn.html","47",".sj",""
"https://country-code.cl/es/","AF","suazilandia","Suazilandia","SZ","https://en.wikipedia.org/wiki/ISO_3166-2:SZ","SWZ","wz","https://www.cia.gov/library/publications/the-world-factbook/geos/wz.html","268",".sz","SD"
"https://country-code.cl/es/","EU","suecia","Suecia","SE","https://en.wikipedia.org/wiki/ISO_3166-2:SE","SWE","sw","https://www.cia.gov/library/publications/the-world-factbook/geos/sw.html","46",".se","S"
"https://country-code.cl/es/","EU","suiza","Suiza","CH","https://en.wikipedia.org/wiki/ISO_3166-2:CH","CHE","sz","https://www.cia.gov/library/publications/the-world-factbook/geos/sz.html","41",".ch","CH"
"https://country-code.cl/es/","AS","siria-republica-arabe-de","Siria, República Arabe de","SY","https://en.wikipedia.org/wiki/ISO_3166-2:SY","SYR","sy","https://www.cia.gov/library/publications/the-world-factbook/geos/sy.html","963",".sy","SYR"
"https://country-code.cl/es/","AS","taiwan-provincia-de-china","Taiwán, Provincia de China","TW","https://en.wikipedia.org/wiki/ISO_3166-2:TW","TWN","tw","https://www.cia.gov/library/publications/the-world-factbook/geos/tw.html","886",".tw","RC"
"https://country-code.cl/es/","AS","tayikistan","Tayikistán","TJ","https://en.wikipedia.org/wiki/ISO_3166-2:TJ","TJK","ti","https://www.cia.gov/library/publications/the-world-factbook/geos/ti.html","992",".tj","TJ"
"https://country-code.cl/es/","AF","tanzania-republica-unida-de","Tanzania, República Unida de","TZ","https://en.wikipedia.org/wiki/ISO_3166-2:TZ","TZA","tz","https://www.cia.gov/library/publications/the-world-factbook/geos/tz.html","255",".tz","EAT"
"https://country-code.cl/es/","AS","tailandia","Tailandia","TH","https://en.wikipedia.org/wiki/ISO_3166-2:TH","THA","th","https://www.cia.gov/library/publications/the-world-factbook/geos/th.html","66",".th","T"
"https://country-code.cl/es/","AS","timor-leste","Timor-Leste","TL","https://en.wikipedia.org/wiki/ISO_3166-2:TL","TLS","tt","https://www.cia.gov/library/publications/the-world-factbook/geos/tt.html","670",".tl","TL"
"https://country-code.cl/es/","AF","togo","Togo","TG","https://en.wikipedia.org/wiki/ISO_3166-2:TG","TGO","to","https://www.cia.gov/library/publications/the-world-factbook/geos/to.html","228",".tg","TG"
"https://country-code.cl/es/","OC","tokelau","Tokelau","TK","https://en.wikipedia.org/wiki/ISO_3166-2:TK","TKL","tl","https://www.cia.gov/library/publications/the-world-factbook/geos/tl.html","690",".tk",""
"https://country-code.cl/es/","OC","tonga","Tonga","TO","https://en.wikipedia.org/wiki/ISO_3166-2:TO","TON","tn","https://www.cia.gov/library/publications/the-world-factbook/geos/tn.html","676",".to","TO"
"https://country-code.cl/es/","NA","trinidad-y-tobago","Trinidad y Tobago","TT","https://en.wikipedia.org/wiki/ISO_3166-2:TT","TTO","td","https://www.cia.gov/library/publications/the-world-factbook/geos/td.html","1 868",".tt","TT"
"https://country-code.cl/es/","AF","tunez","Túnez","TN","https://en.wikipedia.org/wiki/ISO_3166-2:TN","TUN","ts","https://www.cia.gov/library/publications/the-world-factbook/geos/ts.html","216",".tn","TN"
"https://country-code.cl/es/","EU","turquia","Turquía","TR","https://en.wikipedia.org/wiki/ISO_3166-2:TR","TUR","tu","https://www.cia.gov/library/publications/the-world-factbook/geos/tu.html","90",".tr","TR"
"https://country-code.cl/es/","AS","turkmenistan","Turkmenistán","TM","https://en.wikipedia.org/wiki/ISO_3166-2:TM","TKM","tx","https://www.cia.gov/library/publications/the-world-factbook/geos/tx.html","993",".tm","TM"
"https://country-code.cl/es/","NA","islas-turcas-y-caicos","Islas Turcas y Caicos","TC","https://en.wikipedia.org/wiki/ISO_3166-2:TC","TCA","tk","https://www.cia.gov/library/publications/the-world-factbook/geos/tk.html","1 649",".tc",""
"https://country-code.cl/es/","OC","tuvalu","Tuvalu","TV","https://en.wikipedia.org/wiki/ISO_3166-2:TV","TUV","tv","https://www.cia.gov/library/publications/the-world-factbook/geos/tv.html","688",".tv","TUV"
"https://country-code.cl/es/","AF","uganda","Uganda","UG","https://en.wikipedia.org/wiki/ISO_3166-2:UG","UGA","ug","https://www.cia.gov/library/publications/the-world-factbook/geos/ug.html","256",".ug","EAU"
"https://country-code.cl/es/","EU","ucrania","Ucrania","UA","https://en.wikipedia.org/wiki/ISO_3166-2:UA","UKR","up","https://www.cia.gov/library/publications/the-world-factbook/geos/up.html","380",".ua","UA"
"https://country-code.cl/es/","AS","emiratos-arabes-unidos","Emiratos Árabes Unidos","AE","https://en.wikipedia.org/wiki/ISO_3166-2:AE","ARE","ae","https://www.cia.gov/library/publications/the-world-factbook/geos/ae.html","971",".ae","UAE"
"https://country-code.cl/es/","EU","reino-unido","Reino Unido","GB","https://en.wikipedia.org/wiki/ISO_3166-2:GB","GBR","uk","https://www.cia.gov/library/publications/the-world-factbook/geos/uk.html","44",".uk","GB"
"https://country-code.cl/es/","NA","estados-unidos","Estados Unidos","US","https://en.wikipedia.org/wiki/ISO_3166-2:US","USA","us","https://www.cia.gov/library/publications/the-world-factbook/geos/us.html","1",".us","USA"
"https://country-code.cl/es/","OC","islas-ultramarinas-menores-de-estados-unidos","Islas Ultramarinas Menores de Estados Unidos","UM","https://en.wikipedia.org/wiki/ISO_3166-2:UM","UMI","um","https://www.cia.gov/library/publications/the-world-factbook/geos/um.html","1 808",".um",""
"https://country-code.cl/es/","SA","uruguay","Uruguay","UY","https://en.wikipedia.org/wiki/ISO_3166-2:UY","URY","uy","https://www.cia.gov/library/publications/the-world-factbook/geos/uy.html","598",".uy","UY"
"https://country-code.cl/es/","AS","uzbekistan","Uzbekistán","UZ","https://en.wikipedia.org/wiki/ISO_3166-2:UZ","UZB","uz","https://www.cia.gov/library/publications/the-world-factbook/geos/uz.html","998",".uz","UZ"
"https://country-code.cl/es/","OC","vanuatu","Vanuatu","VU","https://en.wikipedia.org/wiki/ISO_3166-2:VU","VUT","nh","https://www.cia.gov/library/publications/the-world-factbook/geos/nh.html","678",".vu","VU"
"https://country-code.cl/es/","SA","venezuela-republica-bolivariana-de","Venezuela, República Bolivariana de","VE","https://en.wikipedia.org/wiki/ISO_3166-2:VE","VEN","ve","https://www.cia.gov/library/publications/the-world-factbook/geos/ve.html","58",".ve","YV"
"https://country-code.cl/es/","AS","viet-nam","Viet Nam","VN","https://en.wikipedia.org/wiki/ISO_3166-2:VN","VNM","vm","https://www.cia.gov/library/publications/the-world-factbook/geos/vm.html","84",".vn","VN"
"https://country-code.cl/es/","NA","islas-virgenes-britanicas","Islas Virgenes Británicas","VG","https://en.wikipedia.org/wiki/ISO_3166-2:VG","VGB","vi","https://www.cia.gov/library/publications/the-world-factbook/geos/vi.html","1 284",".vg","BVI"
"https://country-code.cl/es/","NA","islas-virgenes-de-los-estados-unidos","Islas Virgenes de Los Estados Unidos","VI","https://en.wikipedia.org/wiki/ISO_3166-2:VI","VIR","vq","https://www.cia.gov/library/publications/the-world-factbook/geos/vq.html","1 340",".vi",""
"https://country-code.cl/es/","OC","wallis-y-futuna","Wallis y Futuna","WF","https://en.wikipedia.org/wiki/ISO_3166-2:WF","WLF","wf","https://www.cia.gov/library/publications/the-world-factbook/geos/wf.html","681",".wf",""
"https://country-code.cl/es/","AF","sahara-occidental","Sahara Occidental","EH","https://en.wikipedia.org/wiki/ISO_3166-2:EH","ESH","wi","https://www.cia.gov/library/publications/the-world-factbook/geos/wi.html","212 28",".eh","WSA"
"https://country-code.cl/es/","AS","yemen","Yemen","YE","https://en.wikipedia.org/wiki/ISO_3166-2:YE","YEM","ym","https://www.cia.gov/library/publications/the-world-factbook/geos/ym.html","967",".ye","YAR"
"https://country-code.cl/es/","AF","zambia","Zambia","ZM","https://en.wikipedia.org/wiki/ISO_3166-2:ZM","ZMB","za","https://www.cia.gov/library/publications/the-world-factbook/geos/za.html","260",".zm","Z"
"https://country-code.cl/es/","AF","zimbabue","Zimbabue","ZW","https://en.wikipedia.org/wiki/ISO_3166-2:ZW","ZWE","zi","https://www.cia.gov/library/publications/the-world-factbook/geos/zi.html","263",".zw","ZW"
